,__typename,id,uri,title,startDateTime,date,subtitle,sort,eventStatus,highlight,supportAct,announceSupport,soldOut,location,image
0,eventType,1305852,program/dekmantel-festival-aan-t-ij/1305852,Dekmantel Festival aan 't IJ,2023-08-03T18:00:00+02:00,2023-08-03,Club night during Dekmantel Festival,"['1691078400000', '1305852']",,True,,2023-08-03T21:32:11+02:00,False,"[{'id': '37388', 'title': 'Parallel'}]","[{'desktop': 'https://assets.paradiso.nl/images/transforms/event/_100x100_crop_center-center_none/1306018/eyJidWNrZXQiOiJhc3NldHMucGFyYWxsZWwuYW0iLCJrZXkiOiJwYXJhbGxlbC5wbmciLCJlZGl0cyI6eyJwbmciOnsicXVhbGl0.jpg'}, {'desktop': 'https://assets.paradiso.nl/images/transforms/event/_103x70_crop_center-center_none/1306018/eyJidWNrZXQiOiJhc3NldHMucGFyYWxsZWwuYW0iLCJrZXkiOiJwYXJhbGxlbC5wbmciLCJlZGl0cyI6eyJwbmciOnsicXVhbGl0.jpg'}, {'desktop': 'https://assets.paradiso.nl/images/transforms/event/_300x360_crop_center-center_none/1306018/eyJidWNrZXQiOiJhc3NldHMucGFyYWxsZWwuYW0iLCJrZXkiOiJwYXJhbGxlbC5wbmciLCJlZGl0cyI6eyJwbmciOnsicXVhbGl0.jpg'}]"
1,eventType,1307616,program/garden-by-day-x-oishis-takeover-celebrating-pride-context/1307616,GARDEN by Day x OISHĪ'S TAKE OVER CELEBRATING PRIDE,2023-08-04T17:00:00+02:00,2023-08-04,"Music, food and drinks in the garden","['1691161200000', '1307616']",,True,,2023-08-03T21:32:11+02:00,False,"[{'id': '1078907', 'title': 'GARDEN (Tolhuistuin)'}]","[{'desktop': 'https://assets.paradiso.nl/images/transforms/event/_100x100_crop_center-center_none/1307624/eyJidWNrZXQiOiJhc3NldHMucGFyYWxsZWwuYW0iLCJrZXkiOiJnYXJkZW4tYmFubmVyLXctbG9nby5wbmciLCJlZGl0cyI6eyJw.jpg'}, {'desktop': 'https://assets.paradiso.nl/images/transforms/event/_103x70_crop_center-center_none/1307624/eyJidWNrZXQiOiJhc3NldHMucGFyYWxsZWwuYW0iLCJrZXkiOiJnYXJkZW4tYmFubmVyLXctbG9nby5wbmciLCJlZGl0cyI6eyJw.jpg'}, {'desktop': 'https://assets.paradiso.nl/images/transforms/event/_300x360_crop_center-center_none/1307624/eyJidWNrZXQiOiJhc3NldHMucGFyYWxsZWwuYW0iLCJrZXkiOiJnYXJkZW4tYmFubmVyLXctbG9nby5wbmciLCJlZGl0cyI6eyJw.jpg'}]"
2,eventType,1306167,program/the-road-gone-mad/1306167,The Road Gone Mad,2023-08-04T19:30:00+02:00,2023-08-04,Free admission - Book launch by Debra Norma Mitchell,"['1691170200000', '1306167']",confirmed,True,,2023-08-03T21:32:11+02:00,False,"[{'id': '37310', 'title': 'Paradiso'}]","[{'desktop': 'https://assets.paradiso.nl/images/transforms/event/_100x100_crop_center-center_none/1306636/TheRoadGoneMad-afbeelding.jpg'}, {'desktop': 'https://assets.paradiso.nl/images/transforms/event/_103x70_crop_center-center_none/1306636/TheRoadGoneMad-afbeelding.jpg'}, {'desktop': 'https://assets.paradiso.nl/images/transforms/event/_300x360_crop_center-center_none/1306636/TheRoadGoneMad-afbeelding.jpg'}]"
3,eventType,1220096,program/wave-cave/1220096,WaveCave,2023-08-04T22:00:00+02:00,2023-08-04,Dansen in de kelder op de beste new wave platen,"['1691179200000', '1220096']",confirmed,False,,2023-08-03T21:32:11+02:00,False,"[{'id': '37310', 'title': 'Paradiso'}]","[{'desktop': 'https://assets.paradiso.nl/images/transforms/event/_100x100_crop_center-center_none/facebook-wavecave.jpg'}, {'desktop': 'https://assets.paradiso.nl/images/transforms/event/_103x70_crop_center-center_none/facebook-wavecave.jpg'}, {'desktop': 'https://assets.paradiso.nl/images/transforms/event/_300x360_crop_center-center_none/facebook-wavecave.jpg'}]"
4,eventType,1220100,program/we-love-80s/1220100,We Love 80s,2023-08-04T22:00:00+02:00,2023-08-04,Club night filled with gems from the 80s,"['1691179200000', '1220100']",confirmed,False,,2023-08-03T21:32:11+02:00,False,"[{'id': '37310', 'title': 'Paradiso'}]","[{'desktop': 'https://assets.paradiso.nl/images/transforms/event/_100x100_crop_center-center_none/we-love-80s-banner.jpg'}, {'desktop': 'https://assets.paradiso.nl/images/transforms/event/_103x70_crop_center-center_none/we-love-80s-banner.jpg'}, {'desktop': 'https://assets.paradiso.nl/images/transforms/event/_300x360_crop_center-center_none/we-love-80s-banner.jpg'}]"
5,eventType,1306241,program/garden-by-night-x-oishis-take-over-celebrating-pride/1306241,GARDEN by Night x OISHĪ'S TAKE OVER CELEBRATING PRIDE,2023-08-04T23:00:00+02:00,2023-08-04,Wekelijkse clubnacht in de zomer,"['1691182800000', '1306241']",confirmed,True,,2023-08-03T21:32:11+02:00,False,"[{'id': '37382', 'title': 'Tolhuistuin (tuin)'}]","[{'desktop': 'https://assets.paradiso.nl/images/transforms/event/_100x100_crop_center-center_none/header-image-garden.jpg'}, {'desktop': 'https://assets.paradiso.nl/images/transforms/event/_103x70_crop_center-center_none/header-image-garden.jpg'}, {'desktop': 'https://assets.paradiso.nl/images/transforms/event/_300x360_crop_center-center_none/header-image-garden.jpg'}]"
6,eventType,1081476,program/fpq-3-planet-earth/1081476,FPQ <3 Mother Earth,2023-08-05T23:00:00+02:00,2023-08-05,Queer & Pride club night,"['1691269200000', '1081476']",confirmed,False,,2023-08-03T21:32:11+02:00,True,"[{'id': '37310', 'title': 'Paradiso'}]","[{'desktop': 'https://assets.paradiso.nl/images/transforms/event/_100x100_crop_center-center_none/fpq-banner.jpg'}, {'desktop': 'https://assets.paradiso.nl/images/transforms/event/_103x70_crop_center-center_none/fpq-banner.jpg'}, {'desktop': 'https://assets.paradiso.nl/images/transforms/event/_300x360_crop_center-center_none/fpq-banner.jpg'}]"
7,eventType,1219755,program/bixaria/1219755,Bixaria,2023-08-05T23:00:00+02:00,2023-08-05,Brazilian queer club night,"['1691269200000', '1219755']",confirmed,True,,2023-08-03T21:32:11+02:00,False,"[{'id': '37388', 'title': 'Parallel'}]","[{'desktop': 'https://assets.paradiso.nl/images/transforms/event/_100x100_crop_center-center_none/bixaria.jpg'}, {'desktop': 'https://assets.paradiso.nl/images/transforms/event/_103x70_crop_center-center_none/bixaria.jpg'}, {'desktop': 'https://assets.paradiso.nl/images/transforms/event/_300x360_crop_center-center_none/bixaria.jpg'}]"
8,eventType,1081516,program/rapido-pride-edition-2023/1081516,Rapido - Pride Edition 2023,2023-08-06T15:00:00+02:00,2023-08-06,Rapido celebrates pride in Paradiso,"['1691326800000', '1081516']",confirmed,False,,2023-08-03T21:32:11+02:00,False,"[{'id': '37310', 'title': 'Paradiso'}]","[{'desktop': 'https://assets.paradiso.nl/images/transforms/event/_100x100_crop_center-center_none/rapido-pride-editie.jpg'}, {'desktop': 'https://assets.paradiso.nl/images/transforms/event/_103x70_crop_center-center_none/rapido-pride-editie.jpg'}, {'desktop': 'https://assets.paradiso.nl/images/transforms/event/_300x360_crop_center-center_none/rapido-pride-editie.jpg'}]"
9,eventType,1219349,program/ricciotti-ensemble-plan-de-campagne/1219349,ricciotti ensemble - plan de campagne,2023-08-06T19:30:00+02:00,2023-08-06,Free admission - Street symphony orchestra pays tribute to the Dutch countryside,"['1691343000000', '1219349']",confirmed,True,,2023-08-03T21:32:11+02:00,False,"[{'id': '37314', 'title': 'Tolhuistuin'}]","[{'desktop': 'https://assets.paradiso.nl/images/transforms/event/_100x100_crop_center-center_none/Ricciotti-Persfoto-LR.jpg'}, {'desktop': 'https://assets.paradiso.nl/images/transforms/event/_103x70_crop_center-center_none/Ricciotti-Persfoto-LR.jpg'}, {'desktop': 'https://assets.paradiso.nl/images/transforms/event/_300x360_crop_center-center_none/Ricciotti-Persfoto-LR.jpg'}]"
10,eventType,526295,program/protomartyr/526295,Protomartyr,2023-08-07T19:30:00+02:00,2023-08-07,Postpunk uit Detroit,"['1691429400000', '526295']",confirmed,False,Bobby Would + Kiwi Jr,2023-07-21T12:00:00+02:00,False,"[{'id': '37310', 'title': 'Paradiso'}]","[{'desktop': 'https://assets.paradiso.nl/images/transforms/event/_100x100_crop_center-center_none/Protomartyr_Light_PC_Trevor-Naud_300dpi.jpg'}, {'desktop': 'https://assets.paradiso.nl/images/transforms/event/_103x70_crop_center-center_none/Protomartyr_Light_PC_Trevor-Naud_300dpi.jpg'}, {'desktop': 'https://assets.paradiso.nl/images/transforms/event/_300x360_crop_center-center_none/Protomartyr_Light_PC_Trevor-Naud_300dpi.jpg'}]"
11,eventType,1299795,program/dollhouse/1299795,Dollhouse,2023-08-08T19:30:00+02:00,2023-08-08,What role do you play?,"['1691515800000', '1299795']",confirmed,False,,2023-08-03T21:32:11+02:00,False,"[{'id': '37310', 'title': 'Paradiso'}]","[{'desktop': 'https://assets.paradiso.nl/images/transforms/event/_100x100_crop_center-center_none/dollhousevisual_landscape_8aug.jpg'}, {'desktop': 'https://assets.paradiso.nl/images/transforms/event/_103x70_crop_center-center_none/dollhousevisual_landscape_8aug.jpg'}, {'desktop': 'https://assets.paradiso.nl/images/transforms/event/_300x360_crop_center-center_none/dollhousevisual_landscape_8aug.jpg'}]"
12,eventType,1307740,program/garden-by-day/1307740,Garden By Day,2023-08-11T17:00:00+02:00,2023-08-11,"Music, food and drinks in the garden","['1691766000000', '1307740']",,False,,2023-08-03T21:32:11+02:00,False,"[{'id': '1078907', 'title': 'GARDEN (Tolhuistuin)'}]","[{'desktop': 'https://assets.paradiso.nl/images/transforms/event/_100x100_crop_center-center_none/1307624/eyJidWNrZXQiOiJhc3NldHMucGFyYWxsZWwuYW0iLCJrZXkiOiJnYXJkZW4tYmFubmVyLXctbG9nby5wbmciLCJlZGl0cyI6eyJw.jpg'}, {'desktop': 'https://assets.paradiso.nl/images/transforms/event/_103x70_crop_center-center_none/1307624/eyJidWNrZXQiOiJhc3NldHMucGFyYWxsZWwuYW0iLCJrZXkiOiJnYXJkZW4tYmFubmVyLXctbG9nby5wbmciLCJlZGl0cyI6eyJw.jpg'}, {'desktop': 'https://assets.paradiso.nl/images/transforms/event/_300x360_crop_center-center_none/1307624/eyJidWNrZXQiOiJhc3NldHMucGFyYWxsZWwuYW0iLCJrZXkiOiJnYXJkZW4tYmFubmVyLXctbG9nby5wbmciLCJlZGl0cyI6eyJw.jpg'}]"
13,eventType,1218619,program/disco-tropicana/1218619,Disco Tropicana,2023-08-11T23:00:00+02:00,2023-08-11,Funky fresh club night for disco lovers,"['1691787600000', '1218619']",confirmed,False,,2023-08-03T21:32:11+02:00,False,"[{'id': '37310', 'title': 'Paradiso'}]","[{'desktop': 'https://assets.paradiso.nl/images/transforms/event/_100x100_crop_center-center_none/DiscoTropicana3_300319_watermark-1.jpg'}, {'desktop': 'https://assets.paradiso.nl/images/transforms/event/_103x70_crop_center-center_none/DiscoTropicana3_300319_watermark-1.jpg'}, {'desktop': 'https://assets.paradiso.nl/images/transforms/event/_300x360_crop_center-center_none/DiscoTropicana3_300319_watermark-1.jpg'}]"
14,eventType,1066128,program/buggin-out/1066128,Buggin' Out,2023-08-12T19:00:00+02:00,2023-08-12,Funky DJ's & live hiphop,"['1691859600000', '1066128']",confirmed,False,,2023-08-03T21:32:11+02:00,False,"[{'id': '37310', 'title': 'Paradiso'}]","[{'desktop': 'https://assets.paradiso.nl/images/transforms/event/_100x100_crop_center-center_none/1066255/1_2023-05-23-100857_cutb.jpg'}, {'desktop': 'https://assets.paradiso.nl/images/transforms/event/_103x70_crop_center-center_none/1066255/1_2023-05-23-100857_cutb.jpg'}, {'desktop': 'https://assets.paradiso.nl/images/transforms/event/_300x360_crop_center-center_none/1066255/1_2023-05-23-100857_cutb.jpg'}]"
15,eventType,1124704,program/sneakout/1124704,Pride is Not Over: Sneakout,2023-08-12T21:00:00+02:00,2023-08-12,"A full-blown queer Paradiso takeover by Sneakout with live bands, DJs, Drag Kings and more","['1691866800000', '1124704']",confirmed,False,,2023-08-03T21:32:11+02:00,False,[],"[{'desktop': 'https://assets.paradiso.nl/images/transforms/event/_100x100_crop_center-center_none/1219073/SneakOut_banner.jpg'}, {'desktop': 'https://assets.paradiso.nl/images/transforms/event/_103x70_crop_center-center_none/1219073/SneakOut_banner.jpg'}, {'desktop': 'https://assets.paradiso.nl/images/transforms/event/_300x360_crop_center-center_none/1219073/SneakOut_banner.jpg'}]"
16,eventType,1059145,program/pusha-t/1059145,Pusha T,2023-08-13T20:30:00+02:00,2023-08-13,Rap veteraan uit Virgina Beach,"['1691951400000', '1059145']",confirmed,True,,2023-08-03T21:32:11+02:00,True,"[{'id': '37310', 'title': 'Paradiso'}]","[{'desktop': 'https://assets.paradiso.nl/images/transforms/event/_100x100_crop_center-center_none/41080/NEW-PUSHA-PRESS-PIC-1.jpg'}, {'desktop': 'https://assets.paradiso.nl/images/transforms/event/_103x70_crop_center-center_none/41080/NEW-PUSHA-PRESS-PIC-1.jpg'}, {'desktop': 'https://assets.paradiso.nl/images/transforms/event/_300x360_crop_center-center_none/41080/NEW-PUSHA-PRESS-PIC-1.jpg'}]"
17,eventType,711228,program/kelela/711228,Kelela,2023-08-14T19:30:00+02:00,2023-08-14,Zangeres beweegt zich tussen r&b en elektronisch,"['1692034200000', '711228']",confirmed,True,,2023-08-03T21:32:11+02:00,False,"[{'id': '37310', 'title': 'Paradiso'}]","[{'desktop': 'https://assets.paradiso.nl/images/transforms/event/_100x100_crop_center-center_none/Kelela_1-3.jpg'}, {'desktop': 'https://assets.paradiso.nl/images/transforms/event/_103x70_crop_center-center_none/Kelela_1-3.jpg'}, {'desktop': 'https://assets.paradiso.nl/images/transforms/event/_300x360_crop_center-center_none/Kelela_1-3.jpg'}]"
18,eventType,1059147,program/pusha-t/1059147,Pusha T,2023-08-15T20:30:00+02:00,2023-08-15,Rap veteraan uit Virginia Beach,"['1692124200000', '1059147']",confirmed,True,,2023-08-03T21:32:11+02:00,False,"[{'id': '37310', 'title': 'Paradiso'}]","[{'desktop': 'https://assets.paradiso.nl/images/transforms/event/_100x100_crop_center-center_none/41080/NEW-PUSHA-PRESS-PIC-1.jpg'}, {'desktop': 'https://assets.paradiso.nl/images/transforms/event/_103x70_crop_center-center_none/41080/NEW-PUSHA-PRESS-PIC-1.jpg'}, {'desktop': 'https://assets.paradiso.nl/images/transforms/event/_300x360_crop_center-center_none/41080/NEW-PUSHA-PRESS-PIC-1.jpg'}]"
19,eventType,526284,program/two-feet/526284,Two Feet,2023-08-16T19:30:00+02:00,2023-08-16,Sensuele elektronische pop en alt-rock,"['1692207000000', '526284']",confirmed,False,,2023-08-03T21:32:11+02:00,True,"[{'id': '37310', 'title': 'Paradiso'}]","[{'desktop': 'https://assets.paradiso.nl/images/transforms/event/_100x100_crop_center-center_none/TwoFeet-Cropped.jpg'}, {'desktop': 'https://assets.paradiso.nl/images/transforms/event/_103x70_crop_center-center_none/TwoFeet-Cropped.jpg'}, {'desktop': 'https://assets.paradiso.nl/images/transforms/event/_300x360_crop_center-center_none/TwoFeet-Cropped.jpg'}]"
20,eventType,663342,program/thus-love/663342,THUS LOVE,2023-08-16T20:00:00+02:00,2023-08-16,Verfrissende DIY-band uit Vermont,"['1692208800000', '663342']",confirmed,False,The Klittens,2023-06-29T11:00:00+02:00,False,"[{'id': '37310', 'title': 'Paradiso'}]","[{'desktop': 'https://assets.paradiso.nl/images/transforms/event/_100x100_crop_center-center_none/711209/thuslove2.jpg'}, {'desktop': 'https://assets.paradiso.nl/images/transforms/event/_103x70_crop_center-center_none/711209/thuslove2.jpg'}, {'desktop': 'https://assets.paradiso.nl/images/transforms/event/_300x360_crop_center-center_none/711209/thuslove2.jpg'}]"
21,eventType,665780,program/boywithuk/665780,BoyWithUke + Sfven,2023-08-17T19:30:00+02:00,2023-08-17,Mysterious ukulele pop singer-songwriter,"['1692293400000', '665780']",confirmed,False,Sfven,2023-05-19T11:00:00+02:00,True,"[{'id': '37310', 'title': 'Paradiso'}]","[{'desktop': 'https://assets.paradiso.nl/images/transforms/event/_100x100_crop_center-center_none/BoyWithUke-persfoto.jpg'}, {'desktop': 'https://assets.paradiso.nl/images/transforms/event/_103x70_crop_center-center_none/BoyWithUke-persfoto.jpg'}, {'desktop': 'https://assets.paradiso.nl/images/transforms/event/_300x360_crop_center-center_none/BoyWithUke-persfoto.jpg'}]"
22,eventType,1083638,program/christian-lee-hutson/1083638,Christian Lee Hutson,2023-08-17T19:30:00+02:00,2023-08-17,Modern folk with nostalgic twist,"['1692293400000', '1083638']",confirmed,False,,2023-08-03T21:32:11+02:00,False,"[{'id': '37310', 'title': 'Paradiso'}]","[{'desktop': 'https://assets.paradiso.nl/images/transforms/event/_100x100_crop_center-center_none/Christian-Lee-Hutson.jpg'}, {'desktop': 'https://assets.paradiso.nl/images/transforms/event/_103x70_crop_center-center_none/Christian-Lee-Hutson.jpg'}, {'desktop': 'https://assets.paradiso.nl/images/transforms/event/_300x360_crop_center-center_none/Christian-Lee-Hutson.jpg'}]"
23,eventType,1307831,program/garden-by-day/1307831,Garden By Day,2023-08-18T17:00:00+02:00,2023-08-18,"Music, food and drinks in the garden","['1692370800000', '1307831']",,False,,2023-08-03T21:32:11+02:00,False,"[{'id': '1078907', 'title': 'GARDEN (Tolhuistuin)'}]","[{'desktop': 'https://assets.paradiso.nl/images/transforms/event/_100x100_crop_center-center_none/1307624/eyJidWNrZXQiOiJhc3NldHMucGFyYWxsZWwuYW0iLCJrZXkiOiJnYXJkZW4tYmFubmVyLXctbG9nby5wbmciLCJlZGl0cyI6eyJw.jpg'}, {'desktop': 'https://assets.paradiso.nl/images/transforms/event/_103x70_crop_center-center_none/1307624/eyJidWNrZXQiOiJhc3NldHMucGFyYWxsZWwuYW0iLCJrZXkiOiJnYXJkZW4tYmFubmVyLXctbG9nby5wbmciLCJlZGl0cyI6eyJw.jpg'}, {'desktop': 'https://assets.paradiso.nl/images/transforms/event/_300x360_crop_center-center_none/1307624/eyJidWNrZXQiOiJhc3NldHMucGFyYWxsZWwuYW0iLCJrZXkiOiJnYXJkZW4tYmFubmVyLXctbG9nby5wbmciLCJlZGl0cyI6eyJw.jpg'}]"
24,eventType,1064518,program/pabllo-vittar/1064518,Pabllo Vittar,2023-08-18T19:30:00+02:00,2023-08-18,Queericon from Brazil,"['1692379800000', '1064518']",confirmed,False,Alice Olsthoorn,2023-07-31T16:00:00+02:00,False,"[{'id': '37310', 'title': 'Paradiso'}]","[{'desktop': 'https://assets.paradiso.nl/images/transforms/event/_100x100_crop_center-center_none/PablloVittar_persfoto.jpg'}, {'desktop': 'https://assets.paradiso.nl/images/transforms/event/_103x70_crop_center-center_none/PablloVittar_persfoto.jpg'}, {'desktop': 'https://assets.paradiso.nl/images/transforms/event/_300x360_crop_center-center_none/PablloVittar_persfoto.jpg'}]"
25,eventType,1083729,program/destroy-boys/1083729,Destroy Boys,2023-08-18T22:00:00+02:00,2023-08-18,Opkomende Amerikaanse punkrockband,"['1692388800000', '1083729']",confirmed,False,,2023-08-03T21:32:11+02:00,True,"[{'id': '37310', 'title': 'Paradiso'}]","[{'desktop': 'https://assets.paradiso.nl/images/transforms/event/_100x100_crop_center-center_none/1085806/DestroyBoys_web.jpg'}, {'desktop': 'https://assets.paradiso.nl/images/transforms/event/_103x70_crop_center-center_none/1085806/DestroyBoys_web.jpg'}, {'desktop': 'https://assets.paradiso.nl/images/transforms/event/_300x360_crop_center-center_none/1085806/DestroyBoys_web.jpg'}]"
26,eventType,663331,program/east-collective-xxxl/663331,East Collective XXXL,2023-08-18T23:59:00+02:00,2023-08-18,Techno en techhouse clubnacht,"['1692395940000', '663331']",confirmed,False,,2023-08-03T21:32:11+02:00,False,"[{'id': '37310', 'title': 'Paradiso'}]","[{'desktop': 'https://assets.paradiso.nl/images/transforms/event/_100x100_crop_center-center_none/1304006/Paradiso_banner_augustus_editie_0818_Blue.jpg'}, {'desktop': 'https://assets.paradiso.nl/images/transforms/event/_103x70_crop_center-center_none/1304006/Paradiso_banner_augustus_editie_0818_Blue.jpg'}, {'desktop': 'https://assets.paradiso.nl/images/transforms/event/_300x360_crop_center-center_none/1304006/Paradiso_banner_augustus_editie_0818_Blue.jpg'}]"
27,eventType,526273,program/tv-girl/526273,TV Girl,2023-08-19T19:30:00+02:00,2023-08-19,Speelt debuutalbum 'French Exit' integraal,"['1692466200000', '526273']",confirmed,False,Colleen Green,2023-05-24T11:00:00+02:00,True,"[{'id': '37310', 'title': 'Paradiso'}]","[{'desktop': 'https://assets.paradiso.nl/images/transforms/event/_100x100_crop_center-center_none/307567466_10160537286298641_4405293418214963579_n.jpg'}, {'desktop': 'https://assets.paradiso.nl/images/transforms/event/_103x70_crop_center-center_none/307567466_10160537286298641_4405293418214963579_n.jpg'}, {'desktop': 'https://assets.paradiso.nl/images/transforms/event/_300x360_crop_center-center_none/307567466_10160537286298641_4405293418214963579_n.jpg'}]"
28,eventType,1067215,program/tommy-prine/1067215,Tommy Prine,2023-08-19T19:30:00+02:00,2023-08-19,"Country singer-songwriter, son of the acclaimed John Prine","['1692466200000', '1067215']",confirmed,False,,2023-08-03T21:32:11+02:00,False,"[{'id': '37310', 'title': 'Paradiso'}]","[{'desktop': 'https://assets.paradiso.nl/images/transforms/event/_100x100_crop_center-center_none/TommyPrine-website-versie.jpg'}, {'desktop': 'https://assets.paradiso.nl/images/transforms/event/_103x70_crop_center-center_none/TommyPrine-website-versie.jpg'}, {'desktop': 'https://assets.paradiso.nl/images/transforms/event/_300x360_crop_center-center_none/TommyPrine-website-versie.jpg'}]"
29,eventType,1305215,program/grachtenfestival-x-ssj/1305215,Grachtenfestival x SSJ,2023-08-19T21:00:00+02:00,2023-08-19,"With Steam Down, JELISA and Beau Zwart","['1692471600000', '1305215']",confirmed,False,,2023-08-03T21:32:11+02:00,False,"[{'id': '37314', 'title': 'Tolhuistuin'}]","[{'desktop': 'https://assets.paradiso.nl/images/transforms/event/_100x100_crop_center-center_none/Steam-down-persfoto.jpg'}, {'desktop': 'https://assets.paradiso.nl/images/transforms/event/_103x70_crop_center-center_none/Steam-down-persfoto.jpg'}, {'desktop': 'https://assets.paradiso.nl/images/transforms/event/_300x360_crop_center-center_none/Steam-down-persfoto.jpg'}]"
30,eventType,1304430,program/we-love-90s-noodlanding/1304430,We Love 90s Noodlanding!,2023-08-19T23:00:00+02:00,2023-08-19,Dance to the best hits and non-hits of the 90s,"['1692478800000', '1304430']",confirmed,False,,2023-08-03T21:32:11+02:00,False,"[{'id': '37310', 'title': 'Paradiso'}]","[{'desktop': 'https://assets.paradiso.nl/images/transforms/event/_100x100_crop_center-center_none/WeLove90sNoodlanding-augustus.jpg'}, {'desktop': 'https://assets.paradiso.nl/images/transforms/event/_103x70_crop_center-center_none/WeLove90sNoodlanding-augustus.jpg'}, {'desktop': 'https://assets.paradiso.nl/images/transforms/event/_300x360_crop_center-center_none/WeLove90sNoodlanding-augustus.jpg'}]"
31,eventType,1297148,program/descendants/1297148,Descendants,2023-08-19T23:59:00+02:00,2023-08-19,Feest van afrohouse gemeenschap uit New York,"['1692482340000', '1297148']",confirmed,True,,2023-08-03T21:32:11+02:00,False,"[{'id': '37388', 'title': 'Parallel'}]","[{'desktop': 'https://assets.paradiso.nl/images/transforms/event/_100x100_crop_center-center_none/DESCENDANTS.jpg'}, {'desktop': 'https://assets.paradiso.nl/images/transforms/event/_103x70_crop_center-center_none/DESCENDANTS.jpg'}, {'desktop': 'https://assets.paradiso.nl/images/transforms/event/_300x360_crop_center-center_none/DESCENDANTS.jpg'}]"
32,eventType,1077335,program/royel-otis/1077335,Royel Otis,2023-08-20T19:30:00+02:00,2023-08-20,Dreampop duo from Sydney,"['1692552600000', '1077335']",confirmed,True,,2023-08-03T21:32:11+02:00,True,"[{'id': '37310', 'title': 'Paradiso'}]","[{'desktop': 'https://assets.paradiso.nl/images/transforms/event/_100x100_crop_center-center_none/Royel-Otis_GeneralPR_70406pic-cred-Alex-Wall.jpg'}, {'desktop': 'https://assets.paradiso.nl/images/transforms/event/_103x70_crop_center-center_none/Royel-Otis_GeneralPR_70406pic-cred-Alex-Wall.jpg'}, {'desktop': 'https://assets.paradiso.nl/images/transforms/event/_300x360_crop_center-center_none/Royel-Otis_GeneralPR_70406pic-cred-Alex-Wall.jpg'}]"
33,eventType,1060924,program/preselections-locking-waacking-forever-2023/1060924,Preselections: Locking & Waacking Forever 2023,2023-08-22T15:00:00+02:00,2023-08-22,Summer Dance Forever 2023,"['1692709200000', '1060924']",confirmed,False,,2023-08-03T21:32:11+02:00,False,"[{'id': '37310', 'title': 'Paradiso'}]","[{'desktop': 'https://assets.paradiso.nl/images/transforms/event/_100x100_crop_center-center_none/1076018/Preselection-Locking-Waacking.jpg'}, {'desktop': 'https://assets.paradiso.nl/images/transforms/event/_103x70_crop_center-center_none/1076018/Preselection-Locking-Waacking.jpg'}, {'desktop': 'https://assets.paradiso.nl/images/transforms/event/_300x360_crop_center-center_none/1076018/Preselection-Locking-Waacking.jpg'}]"
34,eventType,1060988,program/dalton-jansen-allonge-carmel-loanga-sundar-varma/1060988,"Theatre Forever: Dalton Jansen, Allongé, Carmel Loanga, Rubix",2023-08-22T20:30:00+02:00,2023-08-22,Summer Dance Forever 2023,"['1692729000000', '1060988']",confirmed,False,,2023-08-03T21:32:11+02:00,False,"[{'id': '37328', 'title': 'DeLaMar Theater'}]","[{'desktop': 'https://assets.paradiso.nl/images/transforms/event/_100x100_crop_center-center_none/Tuesday-Theatre.jpg'}, {'desktop': 'https://assets.paradiso.nl/images/transforms/event/_103x70_crop_center-center_none/Tuesday-Theatre.jpg'}, {'desktop': 'https://assets.paradiso.nl/images/transforms/event/_300x360_crop_center-center_none/Tuesday-Theatre.jpg'}]"
35,eventType,1300176,program/skaiwater/1300176,skaiwater,2023-08-22T20:30:00+02:00,2023-08-22,Versatile hip-hop artist with Jersey Club influences,"['1692729000000', '1300176']",confirmed,True,,2023-08-03T21:32:11+02:00,False,"[{'id': '37312', 'title': 'Bitterzoet'}]","[{'desktop': 'https://assets.paradiso.nl/images/transforms/event/_100x100_crop_center-center_none/Photo-Sep-16-5-48-40-PM-4-by-Dito-1.jpg'}, {'desktop': 'https://assets.paradiso.nl/images/transforms/event/_103x70_crop_center-center_none/Photo-Sep-16-5-48-40-PM-4-by-Dito-1.jpg'}, {'desktop': 'https://assets.paradiso.nl/images/transforms/event/_300x360_crop_center-center_none/Photo-Sep-16-5-48-40-PM-4-by-Dito-1.jpg'}]"
36,eventType,1060932,program/locking-waacking-forever-battles-2023/1060932,Locking & Waacking Forever Battles 2023,2023-08-23T10:45:00+02:00,2023-08-23,Summer Dance Forever 2023,"['1692780300000', '1060932']",confirmed,False,,2023-08-03T21:32:11+02:00,False,"[{'id': '37310', 'title': 'Paradiso'}]","[{'desktop': 'https://assets.paradiso.nl/images/transforms/event/_100x100_crop_center-center_none/1076113/Locking-Waacking-Battle.jpg'}, {'desktop': 'https://assets.paradiso.nl/images/transforms/event/_103x70_crop_center-center_none/1076113/Locking-Waacking-Battle.jpg'}, {'desktop': 'https://assets.paradiso.nl/images/transforms/event/_300x360_crop_center-center_none/1076113/Locking-Waacking-Battle.jpg'}]"
37,eventType,1060980,program/benthe-pac-pac-hendrickx-ntela/1060980,"Benthé, Bots Kingdom, Hendrickx Ntela",2023-08-23T20:30:00+02:00,2023-08-23,Summer Dance Forever 2023,"['1692815400000', '1060980']",confirmed,False,,2023-08-03T21:32:11+02:00,False,"[{'id': '37332', 'title': 'Internationaal Theater Amsterdam'}]","[{'desktop': 'https://assets.paradiso.nl/images/transforms/event/_100x100_crop_center-center_none/Wednesday-Theatre.jpg'}, {'desktop': 'https://assets.paradiso.nl/images/transforms/event/_103x70_crop_center-center_none/Wednesday-Theatre.jpg'}, {'desktop': 'https://assets.paradiso.nl/images/transforms/event/_300x360_crop_center-center_none/Wednesday-Theatre.jpg'}]"
38,eventType,1060964,program/ghetto-funk-collective-presents-dancing-machine/1060964,Ghetto Funk Collective presents Dancing Machine,2023-08-23T23:00:00+02:00,2023-08-23,Clubnight Summer Dance Forever 2023,"['1692824400000', '1060964']",confirmed,False,,2023-08-03T21:32:11+02:00,False,"[{'id': '37310', 'title': 'Paradiso'}]","[{'desktop': 'https://assets.paradiso.nl/images/transforms/event/_100x100_crop_center-center_none/1076085/Ghetto-Funk-Collective-present-Dancing-Machine.jpg'}, {'desktop': 'https://assets.paradiso.nl/images/transforms/event/_103x70_crop_center-center_none/1076085/Ghetto-Funk-Collective-present-Dancing-Machine.jpg'}, {'desktop': 'https://assets.paradiso.nl/images/transforms/event/_300x360_crop_center-center_none/1076085/Ghetto-Funk-Collective-present-Dancing-Machine.jpg'}]"
39,eventType,1060940,program/popping-forever-preselections-battles-2023/1060940,Popping Forever Preselections & Battles 2023,2023-08-24T12:00:00+02:00,2023-08-24,Summer Dance Forever 2023,"['1692871200000', '1060940']",confirmed,False,,2023-08-03T21:32:11+02:00,False,"[{'id': '37310', 'title': 'Paradiso'}]","[{'desktop': 'https://assets.paradiso.nl/images/transforms/event/_100x100_crop_center-center_none/1075907/Popping-Forever.jpg'}, {'desktop': 'https://assets.paradiso.nl/images/transforms/event/_103x70_crop_center-center_none/1075907/Popping-Forever.jpg'}, {'desktop': 'https://assets.paradiso.nl/images/transforms/event/_300x360_crop_center-center_none/1075907/Popping-Forever.jpg'}]"
40,eventType,1060984,program/the-ruggeds-x-ghetto-funk-collective-bots-kingdom-sons-of-wind-snack-break-movement/1060984,"The Ruggeds x Ghetto Funk Collective, Bots Kingdom, Sons of Wind, Snack Break Movement",2023-08-24T20:30:00+02:00,2023-08-24,Summer Dance Forever 2023,"['1692901800000', '1060984']",confirmed,False,,2023-08-03T21:32:11+02:00,False,"[{'id': '37328', 'title': 'DeLaMar Theater'}]","[{'desktop': 'https://assets.paradiso.nl/images/transforms/event/_100x100_crop_center-center_none/1076040/Thursday-Theatre-TS.jpg'}, {'desktop': 'https://assets.paradiso.nl/images/transforms/event/_103x70_crop_center-center_none/1076040/Thursday-Theatre-TS.jpg'}, {'desktop': 'https://assets.paradiso.nl/images/transforms/event/_300x360_crop_center-center_none/1076040/Thursday-Theatre-TS.jpg'}]"
41,eventType,1060968,program/old-school-the-early-years/1060968,Old School: The Early Years,2023-08-24T23:00:00+02:00,2023-08-24,Club night Summer Dance Forever 2023,"['1692910800000', '1060968']",confirmed,False,,2023-08-03T21:32:11+02:00,False,"[{'id': '37310', 'title': 'Paradiso'}]","[{'desktop': 'https://assets.paradiso.nl/images/transforms/event/_100x100_crop_center-center_none/1076100/Old-School_-The-early-years.jpg'}, {'desktop': 'https://assets.paradiso.nl/images/transforms/event/_103x70_crop_center-center_none/1076100/Old-School_-The-early-years.jpg'}, {'desktop': 'https://assets.paradiso.nl/images/transforms/event/_300x360_crop_center-center_none/1076100/Old-School_-The-early-years.jpg'}]"
42,eventType,1075154,program/preselections-hiphop-house-dance-forever-2023/1075154,Preselections: Hiphop & House Dance Forever 2023,2023-08-25T16:00:00+02:00,2023-08-25,Summer Dance Forever 2023,"['1692972000000', '1075154']",confirmed,False,,2023-08-03T21:32:11+02:00,True,"[{'id': '37310', 'title': 'Paradiso'}]","[{'desktop': 'https://assets.paradiso.nl/images/transforms/event/_100x100_crop_center-center_none/1075371/Preselection-House-HipHop.jpg'}, {'desktop': 'https://assets.paradiso.nl/images/transforms/event/_103x70_crop_center-center_none/1075371/Preselection-House-HipHop.jpg'}, {'desktop': 'https://assets.paradiso.nl/images/transforms/event/_300x360_crop_center-center_none/1075371/Preselection-House-HipHop.jpg'}]"
43,eventType,1307837,program/garden-by-day/1307837,Garden By Day,2023-08-25T17:00:00+02:00,2023-08-25,"Music, food and drinks in the garden","['1692975600000', '1307837']",,False,,2023-08-03T21:32:11+02:00,False,"[{'id': '1078907', 'title': 'GARDEN (Tolhuistuin)'}]","[{'desktop': 'https://assets.paradiso.nl/images/transforms/event/_100x100_crop_center-center_none/1307624/eyJidWNrZXQiOiJhc3NldHMucGFyYWxsZWwuYW0iLCJrZXkiOiJnYXJkZW4tYmFubmVyLXctbG9nby5wbmciLCJlZGl0cyI6eyJw.jpg'}, {'desktop': 'https://assets.paradiso.nl/images/transforms/event/_103x70_crop_center-center_none/1307624/eyJidWNrZXQiOiJhc3NldHMucGFyYWxsZWwuYW0iLCJrZXkiOiJnYXJkZW4tYmFubmVyLXctbG9nby5wbmciLCJlZGl0cyI6eyJw.jpg'}, {'desktop': 'https://assets.paradiso.nl/images/transforms/event/_300x360_crop_center-center_none/1307624/eyJidWNrZXQiOiJhc3NldHMucGFyYWxsZWwuYW0iLCJrZXkiOiJnYXJkZW4tYmFubmVyLXctbG9nby5wbmciLCJlZGl0cyI6eyJw.jpg'}]"
44,eventType,1075421,program/ziongate/1075421,Ziongate,2023-08-25T23:00:00+02:00,2023-08-25,Club night Summer Dance Forever 2023,"['1692997200000', '1075421']",confirmed,False,,2023-08-03T21:32:11+02:00,False,"[{'id': '37310', 'title': 'Paradiso'}]","[{'desktop': 'https://assets.paradiso.nl/images/transforms/event/_100x100_crop_center-center_none/1075575/ZionGate.jpg'}, {'desktop': 'https://assets.paradiso.nl/images/transforms/event/_103x70_crop_center-center_none/1075575/ZionGate.jpg'}, {'desktop': 'https://assets.paradiso.nl/images/transforms/event/_300x360_crop_center-center_none/1075575/ZionGate.jpg'}]"
45,eventType,1300275,program/waacking-punking-history-lecture-by-princess-lockerooo/1300275,Waacking/Punking History Lecture by Princess Lockerooo,2023-08-26T13:30:00+02:00,2023-08-26,Summer Dance Forever 2023: Lecture about the rich history and legacy of waacking,"['1693049400000', '1300275']",,False,,2023-08-03T21:32:11+02:00,False,"[{'id': '37310', 'title': 'Paradiso'}]","[{'desktop': 'https://assets.paradiso.nl/images/transforms/event/_100x100_crop_center-center_none/Waacking-Forever-©Kate-Lang-verkleind.jpg'}, {'desktop': 'https://assets.paradiso.nl/images/transforms/event/_103x70_crop_center-center_none/Waacking-Forever-©Kate-Lang-verkleind.jpg'}, {'desktop': 'https://assets.paradiso.nl/images/transforms/event/_300x360_crop_center-center_none/Waacking-Forever-©Kate-Lang-verkleind.jpg'}]"
46,eventType,1300391,program/hip-hop-games-exhibition/1300391,Hip Hop Games Exhibition,2023-08-26T15:00:00+02:00,2023-08-26,Summer Dance Forever 2023: Topnotch dancers and performers improvise the various legendary Hip Hop Games challenges,"['1693054800000', '1300391']",,False,,2023-08-03T21:32:11+02:00,False,"[{'id': '1300394', 'title': 'Vondelpark Openluchttheater'}]","[{'desktop': 'https://assets.paradiso.nl/images/transforms/event/_100x100_crop_center-center_none/HipHopGames.jpg'}, {'desktop': 'https://assets.paradiso.nl/images/transforms/event/_103x70_crop_center-center_none/HipHopGames.jpg'}, {'desktop': 'https://assets.paradiso.nl/images/transforms/event/_300x360_crop_center-center_none/HipHopGames.jpg'}]"
47,eventType,1060948,program/house-dance-forever-battles-2023/1060948,House Dance Forever Battles 2023,2023-08-26T18:30:00+02:00,2023-08-26,Summer Dance Forever 2023,"['1693067400000', '1060948']",confirmed,False,,2023-08-03T21:32:11+02:00,False,"[{'id': '37310', 'title': 'Paradiso'}]","[{'desktop': 'https://assets.paradiso.nl/images/transforms/event/_100x100_crop_center-center_none/1075509/House-Dance-Forever.jpg'}, {'desktop': 'https://assets.paradiso.nl/images/transforms/event/_103x70_crop_center-center_none/1075509/House-Dance-Forever.jpg'}, {'desktop': 'https://assets.paradiso.nl/images/transforms/event/_300x360_crop_center-center_none/1075509/House-Dance-Forever.jpg'}]"
48,eventType,1060972,program/kc-the-funkaholic-all-nighter-this-aint-the-future-this-is-forever/1060972,KC the Funkaholic All Nighter,2023-08-26T23:00:00+02:00,2023-08-26,Club night Summer Dance Forever 2023,"['1693083600000', '1060972']",confirmed,False,,2023-08-03T21:32:11+02:00,False,"[{'id': '37310', 'title': 'Paradiso'}]","[{'desktop': 'https://assets.paradiso.nl/images/transforms/event/_100x100_crop_center-center_none/1075643/KC-the-Funkaholic-All-nighter.jpg'}, {'desktop': 'https://assets.paradiso.nl/images/transforms/event/_103x70_crop_center-center_none/1075643/KC-the-Funkaholic-All-nighter.jpg'}, {'desktop': 'https://assets.paradiso.nl/images/transforms/event/_300x360_crop_center-center_none/1075643/KC-the-Funkaholic-All-nighter.jpg'}]"
49,eventType,1299790,program/paradisodebat-2023/1299790,Paradisodebat 2023,2023-08-27T13:00:00+02:00,2023-08-27,Wat betekent de val van het kabinet voor de toekomst van het cultuurbeleid?,"['1693134000000', '1299790']",confirmed,False,,2023-08-03T21:32:11+02:00,False,"[{'id': '37310', 'title': 'Paradiso'}]","[{'desktop': 'https://assets.paradiso.nl/images/transforms/event/_100x100_crop_center-center_none/Paradisodebat_2023-BANNER.jpg'}, {'desktop': 'https://assets.paradiso.nl/images/transforms/event/_103x70_crop_center-center_none/Paradisodebat_2023-BANNER.jpg'}, {'desktop': 'https://assets.paradiso.nl/images/transforms/event/_300x360_crop_center-center_none/Paradisodebat_2023-BANNER.jpg'}]"
